{
    "providers": [
        {
            "type": "bitmap",
            "file": "minecraft:item/stick.png",
            "ascent": 8,
            "height": 8,
            "chars": ["\uE001"]
        },
        {
            "type": "bitmap",
            "file": "minecraft:item/clay_ball.png",
            "ascent": 8,
            "height": 8,
            "chars": ["\uE002"]
        },
        {
            "type": "bitmap",
            "file": "minecraft:item/leather.png",
            "ascent": 8,
            "height": 8,
            "chars": ["\uE003"]
        },
        {
            "type": "bitmap",
            "file": "minecraft:item/iron_ingot.png",
            "ascent": 8,
            "height": 8,
            "chars": ["\uE004"]
        },
        {
            "type": "bitmap",
            "file": "minecraft:item/diamond.png",
            "ascent": 8,
            "height": 8,
            "chars": ["\uE005"]
        },
        {
            "type": "bitmap",
            "file": "minecraft:item/emerald.png",
            "ascent": 8,
            "height": 8,
            "chars": ["\uE006"]
        }
    ]
}