{
    "providers": [
        {
            "type": "bitmap",
            "file": "minecraft:wallstreet/wood.png",
            "ascent": 8,
            "height": 8,
            "chars": ["\uE001"]
        },
        {
            "type": "bitmap",
            "file": "minecraft:wallstreet/stone.png",
            "ascent": 8,
            "height": 8,
            "chars": ["\uE002"]
        },
        {
            "type": "bitmap",
            "file": "minecraft:wallstreet/leather.png",
            "ascent": 8,
            "height": 8,
            "chars": ["\uE003"]
        },
        {
            "type": "bitmap",
            "file": "minecraft:wallstreet/iron.png",
            "ascent": 8,
            "height": 8,
            "chars": ["\uE004"]
        },
        {
            "type": "bitmap",
            "file": "minecraft:wallstreet/diamond.png",
            "ascent": 8,
            "height": 8,
            "chars": ["\uE005"]
        },
        {
            "type": "bitmap",
            "file": "minecraft:wallstreet/coin.png",
            "ascent": 8,
            "height": 8,
            "chars": ["\uE006"]
        }
    ]
}