{
  "parent": "item/handheld",
  "textures": {
      "layer0": "item/diamond_hoe"
  },
  "overrides": [
    {
      "predicate": {
        "custom_model_data": 1
      },
      "model": "brand:logos/organizers/gunivers"
    },
    {
      "predicate": {
        "custom_model_data": 2
      },
      "model": "brand:logos/organizers/altearn"
    },
    {
      "predicate": {
        "custom_model_data": 3
      },
      "model": "brand:logos/organizers/CO2023"
    },
    {
      "predicate": {
        "custom_model_data": 4
      },
      "model": "brand:logos/organizers/CO"
    }
  ]
}